Name,Type,Address,Rating,Reviews,Lat,Lng,Center_Lat,Center_Lng,Distance_m,In_Viewport,Search_Term,Captured_At,URL
Empire Metal & Recycling Ltd.,Recycling center,10820 209 St NW,4.1,94,53.5541842,-113.6801611,53.5521992,-113.6795416,224,TRUE,metals,2026-09-29T17:00:39.783Z,https://www.google.com/maps/place/Empire+Metal+%26+Recycling+Ltd./data=!4m7!3m6!1s0x539f8bde36458785:0x33e57d00079ca303!8m2!3d53.5541842!4d-113.6801611!16s%2Fg%2F11szdpkm0s!19sChIJhYdFNt6Ln1MRA6OcBwB95TM
Sheffield Welding & Machining Ltd,Metal fabricator,20504 107 Ave NW,4.1,9,53.5519104,-113.6750793,53.5521992,-113.6795416,297,TRUE,metalworking,2026-09-29T16:57:46.785Z,https://www.google.com/maps/place/Sheffield+Welding+%26+Machining+Ltd/data=!4m7!3m6!1s0x53a020b098d310bf:0x3c73540915ca8b36!8m2!3d53.5519104!4d-113.6750793!16s%2Fg%2F1thkwz0_!19sChIJvxDTmLAgoFMRNovKFQlUczw
McNish Steel Ltd,Metal fabricator,10636 205 St NW,5,4,53.5505166,-113.675195,53.5521992,-113.6795416,343,TRUE,metalworking,2026-09-29T16:57:46.785Z,https://www.google.com/maps/place/McNish+Steel+Ltd/data=!4m7!3m6!1s0x53a020ba71cb6d83:0x59ae804c7762a2b9!8m2!3d53.5505166!4d-113.675195!16s%2Fg%2F1tfv06qv!19sChIJg23LcbogoFMRuaJid0yArlk
Team Production Technology Ltd,Manufacturer,21350 107 Ave NW,3,2,53.5521323,-113.6862414,53.5521992,-113.6795416,443,TRUE,production,2026-09-29T16:55:54.386Z,https://www.google.com/maps/place/Team+Production+Technology+Ltd/data=!4m7!3m6!1s0x53a020ae55c9dbd1:0xfa5e6ed01f9416ad!8m2!3d53.5521323!4d-113.6862414!16s%2Fg%2F1wc30y1s!19sChIJ0dvJVa4goFMRrRaUH9BuXvo
Edmonton Aluminum Castings Ltd,Manufacturer,21330 108 Ave NW,,,53.5538129,-113.6857585,53.5521992,-113.6795416,448,TRUE,foundry,2026-09-29T16:58:44.786Z,https://www.google.com/maps/place/Edmonton+Aluminum+Castings+Ltd/data=!4m7!3m6!1s0x53a020ae6b42ad49:0x14a6ce4c77d25e37!8m2!3d53.5538129!4d-113.6857585!16s%2Fg%2F1td6mbgz!19sChIJSa1Ca64goFMRN17Sd0zOphQ
Blue Falls Manufacturing (Winterburn),Hot tub store,107 Ave NW,5,3,53.5516249,-113.6714877,53.5521992,-113.6795416,536,TRUE,manufacturing,2026-09-29T16:54:38.778Z,https://www.google.com/maps/place/Blue+Falls+Manufacturing+%28Winterburn%29/data=!4m7!3m6!1s0x53a021a5772d6423:0x6053ca26b723e559!8m2!3d53.5516249!4d-113.6714877!16s%2Fg%2F11kq61_c6m!19sChIJI2Qtd6UhoFMRWeUjtybKU2A
I-Industrial,Fabrication engineer,10653 Winterburn Rd NW,5,2,53.5511389,-113.6885573,53.5521992,-113.6795416,607,TRUE,Industrial,2026-09-29T16:54:16.371Z,https://www.google.com/maps/place/I-Industrial/data=!4m7!3m6!1s0x53a021abd2fd613b:0xaac5c29c34f3b3e4!8m2!3d53.5511389!4d-113.6885573!16s%2Fg%2F11lfbcw2fj!19sChIJO2H90qshoFMR5LPzNJzCxao
Duraguard Fence Ltd,Fence contractor,10624 214 St NW,4.7,225,53.5489223,-113.6873754,53.5521992,-113.6795416,633,TRUE,supply chain,2026-09-29T17:10:38.282Z,https://www.google.com/maps/place/Duraguard+Fence+Ltd/data=!4m7!3m6!1s0x53a020af69a2b26f:0x647569065a0882f9!8m2!3d53.5489223!4d-113.6873754!16s%2Fg%2F1v9gjpcc!19sChIJb7Kiaa8goFMR-YIIWgZpdWQ
T C Steel Ltd,Steel fabricator,11204 201 St NW,3.8,5,53.5602953,-113.6674371,53.5521992,-113.6795416,1204,TRUE,steel,2026-09-29T17:00:06.786Z,https://www.google.com/maps/place/T+C+Steel+Ltd/data=!4m7!3m6!1s0x53a020ca4de629e1:0x3ed82ae097d1ed7d!8m2!3d53.5602953!4d-113.6674371!16s%2Fg%2F1tf0q95s!19sChIJ4SnmTcogoFMRfe3Rl-Aq2D4
Hammer Equipment,Construction equipment supplier,11121 199 St NW,,,53.55946,-113.66321,53.5521992,-113.6795416,1347,TRUE,machinery,2026-09-29T16:56:29.621Z,https://www.google.com/maps/place/Hammer+Equipment/data=!4m7!3m6!1s0x53a0213bc7eddd25:0x293c59adbe9a2416!8m2!3d53.55946!4d-113.66321!16s%2Fg%2F11vdrql7v5!19sChIJJd3txzshoFMRFiSavq1ZPCk
Spindle Factory,Railing contractor,11319 199 St NW,4,43,53.5613074,-113.6635264,53.5521992,-113.6795416,1465,TRUE,factory,2026-09-29T16:54:55.771Z,https://www.google.com/maps/place/Spindle+Factory/data=!4m7!3m6!1s0x53a023e2b2b46f63:0x4949d845087020ca!8m2!3d53.5613074!4d-113.6635264!16s%2Fg%2F1tfxxq89!19sChIJY2-0suIjoFMRyiBwCEXYSUk
Mod Panel Manufacturing,Construction company,9903 209 St # 57,,,53.5390738,-113.6769088,53.5521992,-113.6795416,1470,TRUE,manufacturing,2026-09-29T16:54:38.778Z,https://www.google.com/maps/place/Mod+Panel+Manufacturing/data=!4m7!3m6!1s0x53a0214a465c561f:0xa05074f6a934873d!8m2!3d53.5390738!4d-113.6769088!16s%2Fg%2F11gxn2_6vn!19sChIJH1ZcRkohoFMRPYc0qfZ0UKA
Mountainview Systems Ltd.,Construction equipment supplier,22010 113 Ave NW,4.7,38,53.5621576,-113.6976179,53.5521992,-113.6795416,1628,TRUE,machinery,2026-09-29T16:56:29.621Z,https://www.google.com/maps/place/Mountainview+Systems+Ltd./data=!4m7!3m6!1s0x53a02124b3fb49eb:0xac4a84a9f1b4334c!8m2!3d53.5621576!4d-113.6976179!16s%2Fg%2F1tdfydl9!19sChIJ60n7syQhoFMRTDO08amESqw
CWS Logistics Ltd - Edmonton Distribution,Warehouse,21335 115 Ave NW,3.9,13,53.5666234,-113.6840788,53.5521992,-113.6795416,1632,TRUE,supply chain,2026-09-29T17:10:38.282Z,https://www.google.com/maps/place/CWS+Logistics+Ltd+-+Edmonton+Distribution/data=!4m7!3m6!1s0x53a027b9872b5537:0xbad8d1ee30d7b69f!8m2!3d53.5666234!4d-113.6840788!16s%2Fg%2F11qpzsrhcw!19sChIJN1Urh7knoFMRn7bXMO7R2Lo
Alliance Equipment Ltd,Material handling equipment supplier,22050 Stony Plain Rd,5,18,53.5421074,-113.6982986,53.5521992,-113.6795416,1672,TRUE,industrial machinery,2026-09-29T16:56:59.777Z,https://www.google.com/maps/place/Alliance+Equipment+Ltd/data=!4m7!3m6!1s0x539f8a0913ac498f:0xe140358af9e0ba30!8m2!3d53.5421074!4d-113.6982986!16s%2Fg%2F11g6rkl1q3!19sChIJj0msEwmKn1MRMLrg-Yo1QOE
River Rock Sand & Gravel,Sand & gravel supplier,22303 112 Ave NW,4,4,53.5597332,-113.7019788,53.5521992,-113.6795416,1702,TRUE,quarrying,2026-09-29T17:01:02.795Z,https://www.google.com/maps/place/River+Rock+Sand+%26+Gravel/data=!4m7!3m6!1s0x53a026b71389e117:0xdad59d6b41dcb73b!8m2!3d53.5597332!4d-113.7019788!16s%2Fg%2F1tf15kcr!19sChIJF-GJE7cmoFMRO7fcQWud1do
MMD Mineral Sizing (Canada) Inc.,Mining equipment,22511 112 Ave NW,5,1,53.5596306,-113.7051761,53.5521992,-113.6795416,1884,TRUE,mining,2026-09-29T17:00:54.785Z,https://www.google.com/maps/place/MMD+Mineral+Sizing+%28Canada%29+Inc./data=!4m7!3m6!1s0x53a0238efb94bceb:0x3a054288d94c0b60!8m2!3d53.5596306!4d-113.7051761!16s%2Fg%2F1tfrm05m!19sChIJ67yU-44joFMRYAtM2YhCBTo
Triton Machining Inc.,Machine shop,11220 224 St NW,5,5,53.5610888,-113.7042134,53.5521992,-113.6795416,1906,TRUE,machining,2026-09-29T16:58:17.775Z,https://www.google.com/maps/place/Triton+Machining+Inc./data=!4m7!3m6!1s0x539f89fe0eec1649:0xa16b7b51c80cee7!8m2!3d53.5610888!4d-113.7042134!16s%2Fg%2F11df2p_cs5!19sChIJSRbsDv6Jn1MR586AHLW3Fgo
EPCOR Utilities Inc.,Electric utility company,"Winterburn Training Centre, 22004 115 Ave NW",2.7,26,53.565514,-113.6987321,53.5521992,-113.6795416,1949,TRUE,utilities,2026-09-29T17:05:21.789Z,https://www.google.com/maps/place/EPCOR+Utilities+Inc./data=!4m7!3m6!1s0x53a02751b1454119:0x7b13294cd0c89346!8m2!3d53.565514!4d-113.6987321!16s%2Fg%2F11c1xdhp3p!19sChIJGUFFsVEnoFMRRpPI0EwpE3s
Structura Vision Engineering Inc.,Structural engineer,9931 224 Street Northwest,5,26,53.540104,-113.701686,53.5521992,-113.6795416,1987,TRUE,engineering,2026-09-29T17:05:55.774Z,https://www.google.com/maps/place/Structura+Vision+Engineering+Inc./data=!4m7!3m6!1s0x539f8b6b872ee30d:0xd0435c6424f9009b!8m2!3d53.540104!4d-113.701686!16s%2Fg%2F11vct53v5z!19sChIJDeMuh2uLn1MRmwD5JGRcQ9A
MTE Logistix,Logistics service,11250 189 St NW,3.1,63,53.5605545,-113.6525038,53.5521992,-113.6795416,2013,TRUE,supply chain,2026-09-29T17:10:38.282Z,https://www.google.com/maps/place/MTE+Logistix/data=!4m7!3m6!1s0x53a020d038df6397:0xac94e32df0e2ae85!8m2!3d53.5605545!4d-113.6525038!16s%2Fg%2F1pyqfx3cr!19sChIJl2PfONAgoFMRha7i8C3jlKw
Cooper Equipment Rentals,Construction machine rental service,20704 118a Ave NW,4.6,49,53.5711308,-113.6766352,53.5521992,-113.6795416,2114,TRUE,machinery,2026-09-29T16:56:29.621Z,https://www.google.com/maps/place/Cooper+Equipment+Rentals/data=!4m7!3m6!1s0x53a027480c12fcf7:0xa9a3ba9473108505!8m2!3d53.5711308!4d-113.6766352!16s%2Fg%2F11gcndph6g!19sChIJ9_wSDEgnoFMRBYUQc5S6o6k
High Torq Heavy Equipment Service Ltd.,Mechanical contractor,10831 231 Street Northwest,4.4,15,53.555189,-113.711774,53.5521992,-113.6795416,2155,TRUE,machinery,2026-09-29T16:56:29.621Z,https://www.google.com/maps/place/High+Torq+Heavy+Equipment+Service+Ltd./data=!4m7!3m6!1s0x539f91be3fa02095:0xf445ba4255b2b3bc!8m2!3d53.555189!4d-113.711774!16s%2Fg%2F11jtw3zrqt!19sChIJlSCgP76Rn1MRvLOyVUK6RfQ
Key Equipment Services,Industrial equipment supplier,18562 104 Ave NW,2.9,78,53.5468568,-113.6453956,53.5521992,-113.6795416,2333,TRUE,machinery,2026-09-29T16:56:29.621Z,https://www.google.com/maps/place/Key+Equipment+Services/data=!4m7!3m6!1s0x53a018b24597bd17:0xb40f04c653b92a38!8m2!3d53.5468568!4d-113.6453956!16s%2Fg%2F1hf08j644!19sChIJF72XRbIYoFMROCq5U8YED7Q
Portside Warehousing,Warehouse,11560 186 St NW #20,3.6,12,53.5650025,-113.6511062,53.5521992,-113.6795416,2357,TRUE,supply chain,2026-09-29T17:10:38.282Z,https://www.google.com/maps/place/Portside+Warehousing/data=!4m7!3m6!1s0x53a023c0e060dd6d:0xafeb048557a0df99!8m2!3d53.5650025!4d-113.6511062!16s%2Fg%2F11b6gcccpy!19sChIJbd1g4MAjoFMRmd-gV4UE668
CnC Waste Solutions Inc.,Dumpster rental service,11231 231 St,5,13,53.5605616,-113.7129434,53.5521992,-113.6795416,2394,TRUE,CNC,2026-09-29T16:58:34.784Z,https://www.google.com/maps/place/CnC+Waste+Solutions+Inc./data=!4m7!3m6!1s0x86309bf04fc018f1:0x7abd301985b7e6bc!8m2!3d53.5605616!4d-113.7129434!16s%2Fg%2F11s2ntfnz_!19sChIJ8RjAT_CbMIYRvOa3hRkwvXo
Cummins Sales And Service - Parts Distribution Centre,Diesel engine dealer,18529 105 Ave NW #103,3.7,10,53.5476605,-113.6441031,53.5521992,-113.6795416,2395,TRUE,machinery,2026-09-29T16:56:29.621Z,https://www.google.com/maps/place/Cummins+Sales+And+Service+-+Parts+Distribution+Centre/data=!4m7!3m6!1s0x53a020c2ed549f7b:0x57c316c5b0dca4f5!8m2!3d53.5476605!4d-113.6441031!16s%2Fg%2F11hbph5vn6!19sChIJe59U7cIgoFMR9aTcsMUWw1c
RONA+ Edmonton-West,Home improvement store,10225 186 St NW,3.9,1600,53.5442753,-113.6449675,53.5521992,-113.6795416,2448,TRUE,assembly line,2026-09-29T16:56:06.475Z,https://www.google.com/maps/place/RONA%2B+Edmonton-West/data=!4m7!3m6!1s0x53a020db515caa2b:0xfe4322804cf0472e!8m2!3d53.5442753!4d-113.6449675!16s%2Fg%2F1q5bm2kym!19sChIJK6pcUdsgoFMRLkfwTIAiQ_4
Plantlife Cannabis Weed Dispensary Sunwapta,Cannabis store,10185 186 St NW,4.6,218,53.542824,-113.645951,53.5521992,-113.6795416,2452,TRUE,plant,2026-09-29T16:55:10.777Z,https://www.google.com/maps/place/Plantlife+Cannabis+Weed+Dispensary+Sunwapta/data=!4m7!3m6!1s0x53a021cdd70dda5d:0xa383e0c66107855e!8m2!3d53.542824!4d-113.645951!16s%2Fg%2F11j15lvn_3!19sChIJXdoN180hoFMRXoUHYcbgg6M
White Industrial,,,,,53.5592963,-113.6440065,53.5521992,-113.6795416,2476,TRUE,Industrial,2026-09-29T16:54:16.371Z,https://www.google.com/maps/place/White+Industrial/data=!4m7!3m6!1s0x53a020d398de9e7b:0x5bda8cb3ebbea138!8m2!3d53.5592963!4d-113.6440065!16s%2Fg%2F1tgjkzj4!19sChIJe57emNMgoFMROKG-67OM2ls
